{
  "loss": 0.4154533069435652,
  "accuracy": 86.29745189807592
}