{
  "loss": 0.28894311602497513,
  "accuracy": 92.31235916103311
}