{
  "loss": 0.07639223746794127,
  "accuracy": 97.16588663546541
}