{
  "loss": 0.090767590450002,
  "accuracy": 96.85387415496619
}