{
  "loss": 0.07280957614559502,
  "accuracy": 97.18322066215983
}