{
  "loss": 0.0858522408331434,
  "accuracy": 96.8972092217022
}