{
  "loss": 0.36945996833441064,
  "accuracy": 89.69492113017854
}