{
  "loss": 0.08560080951668354,
  "accuracy": 97.05321546195181
}