{
  "loss": 0.07802139890674518,
  "accuracy": 97.12255156872942
}