{
  "loss": 0.07112857904204559,
  "accuracy": 97.28722482232622
}