{
  "loss": 0.47219137447478965,
  "accuracy": 87.55416883342001
}