{
  "loss": 0.06973675956739943,
  "accuracy": 97.21788871554863
}