{
  "loss": 0.3200646737566242,
  "accuracy": 91.96567862714508
}