{
  "loss": 0.06946613810738766,
  "accuracy": 97.35656092910384
}