{
  "loss": 0.08116239577015757,
  "accuracy": 96.975212341827
}