{
  "loss": 0.07063227725211224,
  "accuracy": 97.26989079563182
}