{
  "loss": 0.5430473642689841,
  "accuracy": 84.85006066909342
}