{
  "loss": 0.06898016672484673,
  "accuracy": 97.27855780897903
}