{
  "loss": 0.13258786279772655,
  "accuracy": 96.28185127405096
}