{
  "loss": 0.13348891170800248,
  "accuracy": 95.76183047321894
}