{
  "loss": 0.28094745230623136,
  "accuracy": 91.75767030681227
}