{
  "loss": 0.07068832996764998,
  "accuracy": 97.20055468885423
}