{
  "loss": 1.8959929509596392,
  "accuracy": 34.442711041775006
}