{
  "loss": 0.08053212032302634,
  "accuracy": 97.02721442191022
}