{
  "loss": 0.8049139515920118,
  "accuracy": 76.78973825619691
}