{
  "loss": 0.16357530821195412,
  "accuracy": 95.14647252556769
}