{
  "loss": 0.07928326609846834,
  "accuracy": 97.03588143525741
}