{
  "loss": 0.23872485469817084,
  "accuracy": 92.00901369388109
}