{
  "loss": 0.6248612072947738,
  "accuracy": 82.69197434564049
}