{
  "loss": 1.2698930176821621,
  "accuracy": 56.77760443751083
}