{
  "loss": 0.07210746634896699,
  "accuracy": 97.15721962211822
}