{
  "loss": 0.0699449268399508,
  "accuracy": 97.29589183567343
}