{
  "loss": 0.07672514796087687,
  "accuracy": 97.07921650199341
}