{
  "loss": 0.1847812942837998,
  "accuracy": 94.70445484486046
}