{
  "loss": 0.1687183634124019,
  "accuracy": 95.3804818859421
}