{
  "loss": 0.07567391554861293,
  "accuracy": 97.22655572889582
}