{
  "loss": 0.07500448802010322,
  "accuracy": 97.12255156872942
}