{
  "loss": 0.08117086216162293,
  "accuracy": 97.09655052868781
}