{
  "loss": 0.07464483262793649,
  "accuracy": 97.16588663546541
}