{
  "loss": 0.08302249279663418,
  "accuracy": 97.01854740856301
}