{
  "loss": 0.08126325182439316,
  "accuracy": 96.9925463685214
}