{
  "loss": 0.07356388787073749,
  "accuracy": 97.24388975559022
}