{
  "loss": 0.08254077695955188,
  "accuracy": 97.08788351534061
}