{
  "loss": 0.07628759924419128,
  "accuracy": 97.10521754203502
}