{
  "loss": 0.9659822038757853,
  "accuracy": 72.23955624891663
}