{
  "loss": 1.0524591250079018,
  "accuracy": 64.20523487606171
}