{
  "loss": 0.08552620604279496,
  "accuracy": 96.83654012827179
}