{
  "loss": 0.14425955130617857,
  "accuracy": 95.73582943317733
}