{
  "loss": 0.13938876932478828,
  "accuracy": 95.81383255330213
}