{
  "loss": 1.3967739609412817,
  "accuracy": 52.72144219102098
}