{
  "loss": 0.07971168429997963,
  "accuracy": 97.13121858207661
}