{
  "loss": 0.5855850938594702,
  "accuracy": 81.99861327786445
}