{
  "loss": 0.07063468485602956,
  "accuracy": 97.27855780897903
}