{
  "loss": 0.08051328523915051,
  "accuracy": 97.08788351534061
}