{
  "loss": 0.17917349312083547,
  "accuracy": 94.52244756456925
}