{
  "loss": 0.07769062361393721,
  "accuracy": 97.10521754203502
}