{
  "loss": 0.878539617572512,
  "accuracy": 71.52019414109898
}