{
  "loss": 0.073901595162768,
  "accuracy": 97.32189287571502
}