{
  "loss": 1.5228224138676862,
  "accuracy": 47.33055988906223
}