{
  "loss": 0.2636782838700912,
  "accuracy": 92.53770150806032
}