{
  "loss": 1.6673897538350257,
  "accuracy": 42.32102617438031
}