{
  "loss": 0.08163319665986996,
  "accuracy": 97.00121338186861
}