{
  "loss": 0.3298230025417361,
  "accuracy": 90.622291558329
}