{
  "loss": 0.1943020612662618,
  "accuracy": 94.50511353787485
}