{
  "loss": 0.15355949994031484,
  "accuracy": 95.40648292598371
}