{
  "loss": 2.2211788363787,
  "accuracy": 22.37822846247183
}