{
  "loss": 0.07165192224053077,
  "accuracy": 97.36522794245103
}