{
  "loss": 0.15440711974936389,
  "accuracy": 95.25914369908129
}