{
  "loss": 0.393464523766722,
  "accuracy": 89.70358814352574
}