{
  "loss": 0.12380703223377337,
  "accuracy": 96.40318946091178
}