{
  "loss": 0.0783603907284605,
  "accuracy": 97.12255156872942
}