{
  "loss": 0.07578167864786726,
  "accuracy": 97.14855260877101
}