{
  "loss": 0.22379165771719697,
  "accuracy": 93.6557462298492
}