{
  "loss": 0.2493086512728687,
  "accuracy": 93.24839660253076
}