{
  "loss": 0.07357411249238369,
  "accuracy": 97.29589183567343
}