{
  "loss": 0.07698556321806141,
  "accuracy": 97.16588663546541
}