{
  "loss": 1.1626390805750182,
  "accuracy": 64.64725255676893
}