{
  "loss": 0.09526130382487655,
  "accuracy": 96.7325359681054
}