{
  "loss": 0.06927770663967993,
  "accuracy": 97.26989079563182
}