{
  "loss": 0.30143830173717434,
  "accuracy": 91.25498353267464
}