{
  "loss": 0.08346054489317137,
  "accuracy": 97.0098803952158
}