{
  "loss": 0.43890549561807085,
  "accuracy": 87.98751950078002
}