{
  "loss": 0.07216478377435502,
  "accuracy": 97.21788871554863
}