{
  "loss": 0.7363312738540368,
  "accuracy": 77.89044895129139
}