{
  "loss": 0.6900376813623296,
  "accuracy": 78.29779857860981
}