{
  "loss": 0.19883100551379707,
  "accuracy": 93.15305945571156
}