{
  "loss": 0.07204773983196457,
  "accuracy": 97.15721962211822
}