{
  "loss": 0.07038800338750859,
  "accuracy": 97.31322586236783
}