{
  "loss": 0.17311584396344243,
  "accuracy": 94.58311665799965
}