{
  "loss": 0.21207133770892114,
  "accuracy": 94.06309585716762
}