{
  "loss": 0.49020181841406474,
  "accuracy": 86.56612931183913
}