{
  "loss": 0.07652744900402955,
  "accuracy": 97.20922170220142
}