{
  "loss": 0.07343591809337273,
  "accuracy": 97.22655572889582
}