{
  "loss": 0.3543229511741436,
  "accuracy": 89.76425723695614
}