{
  "loss": 0.07044539762080296,
  "accuracy": 97.27855780897903
}