{
  "loss": 0.08597203986759568,
  "accuracy": 96.845207141619
}