{
  "loss": 0.1463925653012284,
  "accuracy": 96.06517594037095
}