{
  "loss": 0.24226359963352545,
  "accuracy": 91.85300745363148
}