{
  "loss": 0.2062927396298745,
  "accuracy": 94.10643092390362
}