{
  "loss": 0.07630478682044844,
  "accuracy": 97.06188247529902
}